{
	"song": {
		"player1": "bf",
		"player2": "fnf",
		"notes": [
			{
				"lengthInSteps": 16,
				"sectionNotes": [
					[
						230.769230769231,
						2,
						0
					],
					[
						461.538461538462,
						0,
						0
					],
					[
						807.692307692308,
						1,
						0
					],
					[
						1038.46153846154,
						1,
						0
					],
					[
						1269.23076923077,
						2,
						0
					],
					[
						1730.76923076923,
						1,
						0
					],
					[
						0,
						1,
						0
					]
				],
				"mustHitSection": false
			},
			{
				"lengthInSteps": 16,
				"sectionNotes": [
					[
						1846.15384615385,
						1,
						0
					],
					[
						1961.53846153846,
						1,
						0
					],
					[
						2076.92307692308,
						1,
						0
					],
					[
						2192.30769230769,
						2,
						0
					],
					[
						2307.69230769231,
						2,
						0
					],
					[
						2423.07692307692,
						2,
						0
					],
					[
						2538.46153846154,
						2,
						0
					],
					[
						2653.84615384615,
						1,
						0
					],
					[
						2769.23076923077,
						1,
						0
					],
					[
						2884.61538461538,
						1,
						0
					],
					[
						3000,
						1,
						0
					],
					[
						3115.38461538462,
						3,
						0
					],
					[
						3230.76923076923,
						3,
						0
					],
					[
						3346.15384615385,
						3,
						0
					],
					[
						3461.53846153846,
						3,
						0
					],
					[
						3576.92307692308,
						3,
						0
					]
				],
				"mustHitSection": false
			},
			{
				"lengthInSteps": 16,
				"sectionNotes": [
					[
						3692.30769230769,
						1,
						0
					],
					[
						3923.07692307692,
						2,
						0
					],
					[
						4153.84615384615,
						0,
						0
					],
					[
						4500,
						1,
						0
					],
					[
						4730.76923076923,
						1,
						0
					],
					[
						4961.53846153846,
						2,
						0
					],
					[
						5423.07692307692,
						1,
						0
					]
				],
				"mustHitSection": true
			},
			{
				"lengthInSteps": 16,
				"sectionNotes": [
					[
						5538.46153846154,
						1,
						0
					],
					[
						5653.84615384615,
						1,
						0
					],
					[
						5769.23076923077,
						2,
						0
					],
					[
						5884.61538461538,
						2,
						0
					],
					[
						6000,
						2,
						0
					],
					[
						6115.38461538462,
						2,
						0
					],
					[
						6230.76923076923,
						1,
						0
					],
					[
						6346.15384615385,
						1,
						0
					],
					[
						6461.53846153846,
						1,
						0
					],
					[
						6576.92307692308,
						1,
						0
					],
					[
						6692.30769230769,
						3,
						0
					],
					[
						6807.69230769231,
						3,
						0
					],
					[
						6923.07692307692,
						3,
						0
					],
					[
						7038.46153846154,
						3,
						0
					],
					[
						7153.84615384615,
						3,
						0
					]
				],
				"mustHitSection": true
			},
			{
				"lengthInSteps": 16,
				"sectionNotes": [
					[
						7384.61538461538,
						1,
						0
					],
					[
						7615.38461538462,
						2,
						0
					],
					[
						7846.15384615385,
						0,
						0
					],
					[
						8192.30769230769,
						1,
						0
					],
					[
						8423.07692307692,
						1,
						0
					],
					[
						8653.84615384615,
						2,
						0
					],
					[
						9115.38461538462,
						1,
						0
					]
				],
				"mustHitSection": false
			},
			{
				"lengthInSteps": 16,
				"sectionNotes": [
					[
						9230.76923076923,
						1,
						0
					],
					[
						9346.15384615385,
						1,
						0
					],
					[
						9461.53846153846,
						2,
						0
					],
					[
						9576.92307692308,
						2,
						0
					],
					[
						9692.30769230769,
						2,
						0
					],
					[
						9807.69230769231,
						2,
						0
					],
					[
						9923.07692307692,
						1,
						0
					],
					[
						10038.4615384615,
						1,
						0
					],
					[
						10153.8461538462,
						1,
						0
					],
					[
						10269.2307692308,
						1,
						0
					],
					[
						10384.6153846154,
						3,
						0
					],
					[
						10500,
						3,
						0
					],
					[
						10615.3846153846,
						3,
						0
					],
					[
						10730.7692307692,
						3,
						0
					],
					[
						10846.1538461538,
						3,
						0
					]
				],
				"mustHitSection": false
			},
			{
				"lengthInSteps": 16,
				"sectionNotes": [
					[
						11076.9230769231,
						1,
						0
					],
					[
						11307.6923076923,
						2,
						0
					],
					[
						11538.4615384615,
						0,
						0
					],
					[
						11884.6153846154,
						1,
						0
					],
					[
						12115.3846153846,
						1,
						0
					],
					[
						12346.1538461538,
						2,
						0
					],
					[
						12807.6923076923,
						1,
						0
					]
				],
				"mustHitSection": true
			},
			{
				"lengthInSteps": 16,
				"sectionNotes": [
					[
						12923.0769230769,
						1,
						0
					],
					[
						13038.4615384615,
						1,
						0
					],
					[
						13153.8461538462,
						2,
						0
					],
					[
						13269.2307692308,
						2,
						0
					],
					[
						13384.6153846154,
						2,
						0
					],
					[
						13500,
						2,
						0
					],
					[
						13615.3846153846,
						1,
						0
					],
					[
						13730.7692307692,
						1,
						0
					],
					[
						13846.1538461538,
						1,
						0
					],
					[
						13961.5384615385,
						1,
						0
					],
					[
						14076.9230769231,
						3,
						0
					],
					[
						14192.3076923077,
						3,
						0
					],
					[
						14307.6923076923,
						3,
						0
					],
					[
						14423.0769230769,
						3,
						0
					],
					[
						14538.4615384615,
						3,
						0
					]
				],
				"mustHitSection": true
			},
			{
				"lengthInSteps": 16,
				"sectionNotes": [
					[
						14769.2307692308,
						1,
						0
					],
					[
						14884.6153846154,
						2,
						0
					],
					[
						15346.1538461538,
						2,
						0
					],
					[
						15115.3846153846,
						1,
						0
					],
					[
						15576.9230769231,
						2,
						0
					],
					[
						15807.6923076923,
						1,
						0
					],
					[
						16038.4615384615,
						2,
						230.769230769231
					],
					[
						16038.4615384615,
						-1,
						"Hey!",
						"something else",
						""
					]
				],
				"mustHitSection": false
			},
			{
				"lengthInSteps": 16,
				"sectionNotes": [
					[
						16615.3846153846,
						2,
						0
					],
					[
						16846.1538461538,
						1,
						0
					],
					[
						17076.9230769231,
						3,
						0
					],
					[
						17307.6923076923,
						0,
						0
					],
					[
						17538.4615384615,
						1,
						0
					],
					[
						17769.2307692308,
						0,
						0
					],
					[
						18000,
						1,
						0
					]
				],
				"mustHitSection": false
			},
			{
				"lengthInSteps": 16,
				"sectionNotes": [
					[
						18461.5384615385,
						1,
						1730.76923076923
					]
				],
				"mustHitSection": false
			},
			{
				"lengthInSteps": 16,
				"sectionNotes": [
					[
						20307.6923076923,
						2,
						0
					],
					[
						20538.4615384615,
						1,
						0
					],
					[
						20769.2307692308,
						3,
						0
					],
					[
						21000,
						0,
						0
					],
					[
						21230.7692307692,
						1,
						0
					],
					[
						21461.5384615385,
						0,
						0
					],
					[
						21692.3076923077,
						1,
						0
					]
				],
				"mustHitSection": true
			},
			{
				"lengthInSteps": 16,
				"sectionNotes": [
					[
						22153.8461538462,
						1,
						1730.76923076923
					]
				],
				"mustHitSection": true
			},
			{
				"lengthInSteps": 16,